{"x":19.950000762939454,"y":0.5,"z":2.0299999713897707}